{
    "loss": 8.164385795593262,
    "accuracy": 0.5467625856399536
}