{
    "loss": 22.460494995117188,
    "accuracy": 0.5395683646202087
}