{
    "loss": 2.629578113555908,
    "accuracy": 0.7410072088241577
}