{
    "loss": 5.7165117263793945,
    "accuracy": 0.5035971403121948
}