{
    "loss": 17.770029067993164,
    "accuracy": 0.48201438784599304
}