{
    "loss": 1.5249128341674805,
    "accuracy": 0.8992805480957031
}