{
    "loss": 1.8168777227401733,
    "accuracy": 0.8345323801040649
}